3.365729331970215,3.2493491172790527,3.1009161472320557,3.0989511013031006,-2.53609299659729,3.5856754779815674,2.9379725456237793,5.0
5.834212779998779,6.091479778289795,6.733542442321777,7.495668411254883,-5.501589775085449,7.398671627044678,5.703273773193359,5.0
2.056461811065674,1.9297127723693848,1.7281749248504639,2.3293821811676025,-1.657118558883667,2.423099994659424,1.9591089487075806,5.0
4.259562969207764,4.665565490722656,3.5814244747161865,4.061774730682373,-2.7705600261688232,4.496527194976807,4.620945930480957,5.0
4.193944931030273,4.963825225830078,3.321554660797119,6.212274074554443,-3.905726671218872,4.985443592071533,4.815938472747803,5.0
5.660682678222656,5.302274227142334,4.200713157653809,4.835852146148682,-5.023552417755127,6.4356231689453125,5.400716304779053,5.0
9.060981750488281,9.898802757263184,10.083745956420898,13.370195388793945,-9.231637954711914,11.157102584838867,9.597686767578125,5.0
4.398011207580566,3.932586431503296,2.8147618770599365,2.8726918697357178,-2.985342025756836,4.26967716217041,4.2972307205200195,5.0
4.881895542144775,5.341104984283447,4.436004161834717,4.470237731933594,-3.725222587585449,5.3098039627075195,4.341116905212402,5.0
6.276378154754639,6.590632438659668,4.944921970367432,7.562057971954346,-5.199995040893555,7.26392936706543,6.090606689453125,5.0
5.56294584274292,6.756150245666504,4.9064621925354,6.790964603424072,-5.4422125816345215,5.774779319763184,6.251962184906006,5.0
10.155075073242188,9.350916862487793,8.08597183227539,10.72647476196289,-8.617100715637207,10.952967643737793,8.923164367675781,5.0
7.519038200378418,5.70591926574707,5.381564140319824,5.503138542175293,-6.164180278778076,8.496683120727539,7.4992146492004395,5.0
5.494687080383301,5.784384250640869,5.747880935668945,6.82559061050415,-4.946523189544678,6.170644283294678,5.406384468078613,5.0
6.753782272338867,7.4501872062683105,7.876280784606934,9.794624328613281,-6.966860771179199,8.955403327941895,7.07263708114624,5.0
4.446752071380615,4.254495143890381,3.8213775157928467,3.79235577583313,-3.4916040897369385,5.148274898529053,5.423742771148682,5.0
3.4360361099243164,2.3927271366119385,2.5423078536987305,3.177344560623169,-2.6821351051330566,3.809314727783203,3.315005302429199,5.0
6.389688014984131,6.23013973236084,5.348447799682617,6.213614463806152,-5.282428741455078,7.169260501861572,5.658966064453125,5.0
8.549081802368164,8.409893035888672,7.563398838043213,9.498174667358398,-8.298115730285645,9.424345016479492,9.763582229614258,5.0
3.733393907546997,4.053163528442383,2.5795228481292725,4.046497344970703,-2.9879727363586426,4.122683525085449,4.241109848022461,5.0
3.9012856483459473,4.696666240692139,3.7010908126831055,4.455099105834961,-3.3617045879364014,4.708861351013184,4.490408897399902,5.0
5.500010013580322,6.324176788330078,5.415757179260254,7.024463653564453,-4.580751895904541,6.006986141204834,5.4589033126831055,5.0
4.136944770812988,3.4055557250976562,2.8220887184143066,3.0533089637756348,-3.324432134628296,4.175853729248047,4.359187126159668,5.0
4.452789306640625,4.754335880279541,3.6084094047546387,5.900390148162842,-3.2201955318450928,4.77577543258667,4.9001240730285645,5.0
6.012552738189697,6.219087600708008,6.031338214874268,6.634604454040527,-4.909148693084717,5.852258205413818,6.941787242889404,5.0
6.157005310058594,6.852004051208496,7.524139404296875,8.668416976928711,-6.151381015777588,8.140512466430664,6.3762640953063965,5.0
5.833232402801514,6.4624409675598145,7.452615737915039,9.010889053344727,-6.354117393493652,7.671983242034912,7.119053363800049,5.0
2.9441158771514893,2.832639455795288,2.3969006538391113,2.6824183464050293,-2.7342185974121094,3.228640556335449,2.7653775215148926,5.0
5.6399455070495605,4.8797149658203125,5.600970268249512,6.020353317260742,-5.407862186431885,6.28682279586792,6.171610355377197,5.0
4.902603626251221,5.447691440582275,5.110238552093506,5.871175765991211,-4.236432075500488,6.312745094299316,5.21250057220459,5.0
4.753593921661377,6.669586181640625,5.9486494064331055,7.583418846130371,-5.304774284362793,6.723409175872803,6.149820327758789,5.0
5.276407241821289,5.82449197769165,4.083770751953125,6.350225925445557,-4.8786420822143555,5.355597972869873,6.089380264282227,5.0
7.482547760009766,7.063011646270752,7.003895282745361,9.56315803527832,-6.909225940704346,9.066656112670898,7.477355480194092,5.0
7.62895393371582,7.372979164123535,8.580649375915527,10.052591323852539,-7.678623199462891,9.711822509765625,7.909985542297363,5.0
6.485678672790527,7.588846683502197,4.792393684387207,6.823930263519287,-5.595447063446045,6.344732284545898,7.653136253356934,5.0
4.219191551208496,4.621579170227051,3.8997905254364014,5.445796489715576,-4.147051811218262,5.8213725090026855,5.455709457397461,5.0
3.7004098892211914,4.200421333312988,2.4387385845184326,3.1166982650756836,-2.681081533432007,3.5964512825012207,3.546022891998291,5.0
4.590048313140869,4.436644077301025,3.6538171768188477,4.866589069366455,-3.5759437084198,5.143679141998291,4.179409980773926,5.0
8.128928184509277,6.890137672424316,6.5136518478393555,8.341276168823242,-6.82519006729126,9.428483963012695,8.186915397644043,5.0
5.78286600112915,6.9622697830200195,5.781321048736572,7.929759502410889,-5.176531791687012,7.62644624710083,7.081963539123535,5.0
4.7123026847839355,5.533273696899414,4.138884544372559,6.232402324676514,-4.533923625946045,5.174777030944824,5.42645263671875,5.0
5.946478843688965,6.967454433441162,5.973010063171387,7.9430766105651855,-5.3387980461120605,7.201221942901611,5.983880996704102,5.0
3.341525077819824,2.839035987854004,2.3091611862182617,2.803500175476074,-2.8927788734436035,3.2095847129821777,3.6236228942871094,5.0
7.088849067687988,6.403697967529297,5.307583332061768,6.426980495452881,-6.033735275268555,6.780437469482422,7.483969688415527,5.0
8.017714500427246,5.944337844848633,7.159358501434326,7.904104709625244,-6.268136024475098,8.609012603759766,8.028953552246094,5.0
3.406982183456421,4.537829875946045,4.31393575668335,5.269613742828369,-3.790832996368408,4.868415832519531,3.935915470123291,5.0
5.713402271270752,5.728843688964844,5.42414665222168,5.417934417724609,-4.923592567443848,6.482996940612793,6.2425994873046875,5.0
5.091032028198242,5.3837890625,3.901155948638916,5.927982807159424,-5.067263603210449,5.325043678283691,5.276611328125,5.0
4.771473407745361,4.846573352813721,3.295689582824707,4.264156341552734,-4.121041297912598,5.1498823165893555,4.372413635253906,5.0
5.271951675415039,6.520457744598389,6.018331050872803,6.433369159698486,-4.727499485015869,7.57316780090332,5.226841926574707,5.0
4.204508304595947,4.151715278625488,4.631908893585205,5.577397346496582,-3.5280091762542725,5.930267333984375,4.813597202301025,5.0
5.337033271789551,5.5493268966674805,4.562478542327881,5.04727029800415,-4.258657932281494,5.731529712677002,5.697858810424805,5.0
7.2211456298828125,6.9000244140625,8.645947456359863,9.446695327758789,-7.418967247009277,9.319416999816895,6.816186428070068,5.0
2.687650680541992,2.4013819694519043,1.755796194076538,1.7820478677749634,-1.4183286428451538,2.2970354557037354,2.362356424331665,5.0
4.718575954437256,4.495728015899658,2.8466551303863525,3.3280186653137207,-3.0310139656066895,3.943540334701538,4.232130527496338,5.0
5.642219543457031,4.63405179977417,5.400997638702393,4.779733180999756,-5.224103927612305,6.561708927154541,6.775462627410889,5.0
6.384369850158691,6.365849018096924,4.2312703132629395,4.962764739990234,-4.5102434158325195,7.074960231781006,5.260064601898193,5.0
5.549847602844238,6.548209190368652,5.650219440460205,6.742575645446777,-4.444151878356934,5.0148725509643555,5.679317951202393,5.0
4.390183448791504,4.542211055755615,3.953075885772705,5.085117816925049,-3.5633907318115234,5.453925609588623,3.9926304817199707,5.0
4.615944862365723,5.762160778045654,4.558750152587891,5.414328098297119,-3.481874942779541,6.20338773727417,5.908308982849121,5.0
4.899258136749268,4.128176689147949,3.746521472930908,3.6826984882354736,-4.055179595947266,4.966120719909668,4.768984794616699,5.0
9.227401733398438,9.693903923034668,7.563989162445068,10.368850708007812,-7.421503067016602,10.113983154296875,8.830262184143066,5.0
3.8155603408813477,3.527484178543091,3.9622011184692383,5.086459159851074,-3.8162004947662354,5.419939041137695,3.918696880340576,5.0
3.3923022747039795,3.6621768474578857,3.0599894523620605,3.2733945846557617,-2.9172158241271973,4.281359672546387,3.642951011657715,5.0
5.2214274406433105,5.381462574005127,5.233253479003906,7.080792427062988,-4.663846969604492,5.8068695068359375,5.240973949432373,5.0
6.3920087814331055,5.433456897735596,4.957925796508789,7.284710884094238,-5.425790309906006,6.871645927429199,5.519747257232666,5.0
5.684621334075928,5.624759674072266,5.132198810577393,6.309604644775391,-4.890724182128906,6.270102500915527,6.6774468421936035,5.0
3.734025001525879,3.589118003845215,3.385047674179077,3.6792805194854736,-3.795309543609619,3.91194748878479,4.316898345947266,5.0
4.893658638000488,5.0499396324157715,4.683033466339111,5.086889266967773,-4.443686485290527,5.544857978820801,4.4046220779418945,5.0
2.870398759841919,2.719473361968994,2.314563512802124,3.023747205734253,-2.301630735397339,3.2204113006591797,2.58870267868042,5.0
3.9385733604431152,4.407678127288818,2.41729474067688,2.8436121940612793,-2.8962759971618652,3.932307720184326,3.8103981018066406,5.0
4.562601089477539,4.761730670928955,3.380037307739258,5.261577129364014,-3.4194414615631104,4.415561199188232,4.65448522567749,5.0
4.7741546630859375,4.860626220703125,3.4000096321105957,4.043753147125244,-3.235081434249878,5.199538707733154,4.067011833190918,5.0
3.8774688243865967,4.722738265991211,3.6066932678222656,4.355523109436035,-3.477411985397339,5.384472846984863,3.7593870162963867,5.0
8.186769485473633,8.411624908447266,5.7789306640625,7.344058990478516,-6.283649444580078,7.976841926574707,7.763031005859375,5.0
4.57230281829834,5.867068290710449,4.022606372833252,5.884477138519287,-4.47572660446167,5.823470115661621,4.8708930015563965,5.0
6.607778072357178,6.35391902923584,4.825129985809326,7.22406530380249,-5.502420902252197,6.6393938064575195,6.507431507110596,5.0
4.850432395935059,5.865840911865234,4.237743377685547,5.657651424407959,-4.205446720123291,4.511244773864746,5.830803394317627,5.0
4.558451175689697,5.053627967834473,3.7382962703704834,5.224428653717041,-4.369105815887451,5.125767230987549,5.658614635467529,5.0
4.892032623291016,5.045904636383057,4.385371685028076,5.91942024230957,-3.6140785217285156,4.948876857757568,5.137557029724121,5.0
6.18027925491333,6.165511608123779,4.677374839782715,6.745909214019775,-5.221153736114502,6.119680881500244,6.0871901512146,5.0
4.17521858215332,4.893228054046631,4.488710880279541,5.393543243408203,-3.625933885574341,5.243404388427734,4.1407470703125,5.0
6.765542030334473,5.89035701751709,5.726249694824219,7.134206295013428,-5.2686944007873535,7.228323936462402,5.734573841094971,5.0
6.434077739715576,7.951338291168213,5.349956035614014,6.780756950378418,-5.370292663574219,6.300039291381836,6.760135173797607,5.0
7.0347466468811035,7.483957290649414,6.861968994140625,7.998015403747559,-5.664775371551514,8.5816068649292,6.817513942718506,5.0
5.854786396026611,5.6993842124938965,5.081006050109863,7.991207122802734,-5.419561862945557,7.097391605377197,5.980549335479736,5.0
8.151493072509766,9.823012351989746,8.995865821838379,10.82856559753418,-8.491762161254883,9.971159934997559,9.864662170410156,5.0
5.184589862823486,5.413764953613281,6.0309858322143555,6.230116367340088,-5.444159507751465,5.8509416580200195,5.4458136558532715,5.0
5.971790313720703,7.474738597869873,4.6505608558654785,6.878939151763916,-4.658051490783691,7.091075420379639,6.488587856292725,5.0
10.886137008666992,11.333598136901855,10.153106689453125,14.817068099975586,-10.652101516723633,13.736311912536621,12.078250885009766,5.0
4.168702125549316,4.3769001960754395,3.4960503578186035,4.303589820861816,-3.043198585510254,4.025826930999756,4.313377380371094,5.0
4.1484270095825195,3.8775579929351807,3.702871561050415,4.034385681152344,-4.03350830078125,4.203934192657471,4.267091274261475,5.0
6.2681732177734375,6.32122802734375,6.840757846832275,9.229606628417969,-6.437018871307373,7.41508674621582,6.136290550231934,5.0
6.79016637802124,7.90698766708374,5.234464168548584,7.65803861618042,-5.105902671813965,7.897329807281494,6.306948184967041,5.0
1.5484602451324463,1.6033484935760498,1.1093719005584717,1.4461846351623535,-0.8686215877532959,1.8958314657211304,1.5908948183059692,5.0
6.085744380950928,6.058185577392578,6.583359241485596,7.668015003204346,-6.361991882324219,7.808771133422852,6.906603813171387,5.0
5.298584461212158,5.136031150817871,4.827848434448242,5.571417331695557,-5.130728721618652,6.601110458374023,6.425060749053955,5.0
4.208732604980469,4.438279628753662,4.127446174621582,3.9480443000793457,-3.3650717735290527,4.78535795211792,4.2375617027282715,5.0
6.55171537399292,4.787558078765869,4.601566314697266,6.117471218109131,-5.346354007720947,6.4184041023254395,5.680552005767822,5.0
6.1487908363342285,6.715167045593262,6.158940315246582,9.198352813720703,-5.890814304351807,8.60722827911377,6.711647987365723,5.0
9.282482147216797,9.512863159179688,5.972986698150635,8.687822341918945,-9.294407844543457,8.137655258178711,11.13424015045166,5.0
3.7049853801727295,3.7022652626037598,2.664942502975464,2.7571804523468018,-2.245741844177246,3.817671537399292,3.348923683166504,5.0
5.485260486602783,5.716439723968506,3.586963415145874,4.148101806640625,-5.050929546356201,5.267138957977295,6.375639915466309,5.0
5.476398468017578,5.888523578643799,4.0767822265625,5.412595748901367,-4.544046401977539,5.689999103546143,5.461617946624756,5.0
2.1205549240112305,2.376628875732422,1.8537511825561523,2.362175226211548,-1.7845618724822998,3.034334659576416,2.611564874649048,5.0
4.482400894165039,3.9052176475524902,3.6534621715545654,4.7713541984558105,-3.3870930671691895,4.257752895355225,3.982717990875244,5.0
6.063548564910889,6.965088844299316,5.583433628082275,8.628923416137695,-5.774698257446289,6.85825777053833,6.380967140197754,5.0
5.632330417633057,5.247622013092041,5.167084217071533,6.299893856048584,-4.343476295471191,6.35589599609375,6.077480316162109,5.0
5.153256416320801,6.134476661682129,4.378006458282471,6.275668621063232,-4.499575138092041,6.0092973709106445,5.105690002441406,5.0
7.483880996704102,6.703930377960205,6.0878376960754395,8.361035346984863,-6.447279930114746,8.431689262390137,6.17894983291626,5.0
3.591266632080078,3.3811726570129395,2.386754274368286,2.8671889305114746,-2.2814016342163086,3.0989444255828857,2.8148984909057617,5.0
4.4416680335998535,4.963194370269775,3.8195502758026123,4.701487064361572,-3.091994285583496,4.595117568969727,5.133920669555664,5.0
6.535332679748535,5.108221530914307,5.669764041900635,7.798178672790527,-5.713509559631348,8.159785270690918,5.693784236907959,5.0
3.910888671875,4.4393815994262695,2.759882926940918,4.1232781410217285,-2.871326208114624,3.134077548980713,4.028496265411377,5.0
3.732842445373535,4.225587368011475,3.6410136222839355,4.166224002838135,-3.1198458671569824,4.61073112487793,4.043366432189941,5.0
5.086529731750488,6.004939079284668,5.227794647216797,6.434101104736328,-4.647902965545654,6.814356327056885,5.408127307891846,5.0
7.6629462242126465,6.806955337524414,7.778431415557861,8.306005477905273,-6.706582546234131,8.08193588256836,7.4204840660095215,5.0
7.309981822967529,7.8238749504089355,7.848443031311035,10.54652214050293,-7.090600967407227,9.310791015625,7.910880088806152,5.0
4.624667644500732,3.9987802505493164,3.721662759780884,3.4436428546905518,-3.6890130043029785,4.423494338989258,4.5794854164123535,5.0
5.330840110778809,5.051548004150391,3.5319440364837646,3.844609260559082,-3.2655744552612305,4.514620780944824,4.54295539855957,5.0
4.052560806274414,4.2227654457092285,2.962418794631958,4.247657775878906,-3.255725383758545,3.9384429454803467,3.7969818115234375,5.0
6.4325761795043945,6.717078685760498,6.926569938659668,8.321474075317383,-6.313948154449463,9.168585777282715,6.7683634757995605,5.0
5.558697700500488,5.486721038818359,4.126255989074707,4.6428141593933105,-3.8950562477111816,4.310384750366211,5.529448986053467,5.0
6.62760066986084,7.3491387367248535,6.639158725738525,8.716638565063477,-6.4724040031433105,7.6594672203063965,5.859131336212158,5.0
4.595192909240723,5.581769943237305,3.5774779319763184,4.694025039672852,-3.6995341777801514,5.347007751464844,5.030364513397217,5.0
2.7683401107788086,2.7972700595855713,2.4241347312927246,3.5397071838378906,-2.5399208068847656,3.2743420600891113,2.704770088195801,5.0
6.70756196975708,6.627180099487305,4.24050235748291,3.6070363521575928,-4.016863822937012,5.394924163818359,5.349183082580566,5.0
7.855691909790039,6.666709899902344,5.3246660232543945,7.0118560791015625,-6.434265613555908,8.423160552978516,7.022573947906494,5.0
6.837009906768799,7.7290449142456055,5.824980735778809,8.371716499328613,-5.868514537811279,7.851183891296387,6.660445690155029,5.0
7.467125415802002,6.501977443695068,5.734950065612793,6.743341445922852,-5.639645576477051,6.580337047576904,6.678264617919922,5.0
2.424008846282959,2.5344619750976562,3.345909357070923,3.216346025466919,-2.5579864978790283,3.2180094718933105,2.607884645462036,5.0
8.24886703491211,7.342221260070801,6.718554973602295,7.770078182220459,-7.3294525146484375,9.413086891174316,8.87601089477539,5.0
5.542689800262451,4.592586517333984,3.854781150817871,3.11430287361145,-4.578157901763916,6.4211859703063965,5.753932476043701,5.0
4.613509654998779,5.486289024353027,4.922547817230225,6.144046306610107,-4.805692672729492,5.682423114776611,6.180158615112305,5.0
6.845665454864502,5.661170482635498,5.015064239501953,4.719463348388672,-4.691689968109131,7.455904483795166,6.017755031585693,5.0
3.50888991355896,3.91391658782959,3.527104377746582,4.222447872161865,-3.527592658996582,3.921255111694336,3.5823826789855957,5.0
9.405712127685547,9.418692588806152,8.594796180725098,12.643177032470703,-9.142338752746582,11.39466381072998,7.806525230407715,5.0
7.369816780090332,7.282141208648682,6.4401044845581055,8.786060333251953,-6.695460796356201,8.402730941772461,8.23465633392334,5.0
8.528429985046387,8.289262771606445,7.189590930938721,8.961631774902344,-7.571791648864746,9.162476539611816,7.447928428649902,5.0
7.967867374420166,6.897762775421143,4.928231716156006,5.18275785446167,-5.540210723876953,6.893579006195068,6.796821594238281,5.0
5.622246742248535,5.266020774841309,4.550727367401123,5.977254390716553,-4.957691192626953,6.161685943603516,5.476832389831543,5.0
6.157573223114014,7.211724758148193,6.032355308532715,7.701048851013184,-5.923989295959473,7.011427879333496,6.632559299468994,5.0
4.179491996765137,5.201465606689453,4.458922863006592,5.71703577041626,-3.9982149600982666,5.184493064880371,4.512707710266113,5.0
4.889176845550537,5.2925848960876465,4.84101676940918,5.725656032562256,-4.694344520568848,5.439130783081055,5.812924861907959,5.0
7.496956825256348,7.180172443389893,8.806681632995605,10.278236389160156,-7.345417499542236,9.778244972229004,7.25641393661499,5.0
2.9447970390319824,2.613328695297241,1.5348258018493652,1.4688376188278198,-2.057227611541748,2.649655818939209,2.6035170555114746,5.0
5.898860931396484,5.443304538726807,4.700494766235352,4.800810813903809,-5.154170036315918,6.576436519622803,6.435677528381348,5.0
2.9973950386047363,3.2830650806427,2.7138869762420654,4.004983901977539,-2.2149910926818848,4.186771869659424,3.207040309906006,5.0
4.711639881134033,6.315455436706543,5.21818733215332,6.603891849517822,-4.290398120880127,5.693283557891846,5.880956172943115,5.0
3.608093023300171,5.145452499389648,4.561410903930664,6.036552429199219,-3.6914145946502686,4.936233043670654,5.049570083618164,5.0
4.551858425140381,4.282327651977539,3.8670718669891357,4.730700969696045,-3.7661616802215576,4.897226333618164,4.097635269165039,5.0
5.472482204437256,5.464690208435059,4.482475280761719,6.2551188468933105,-5.370952129364014,6.670048236846924,6.539931774139404,5.0
4.805113315582275,6.183994770050049,4.45869779586792,6.4487457275390625,-4.084105968475342,5.155350685119629,5.619859218597412,5.0
6.903295040130615,7.160763740539551,6.542873859405518,8.746944427490234,-5.822787761688232,7.36931848526001,7.288936138153076,5.0
5.713495254516602,6.879549980163574,5.758033752441406,5.9940924644470215,-4.877628326416016,7.864764213562012,6.140035629272461,5.0
3.4243977069854736,2.793912887573242,2.7574622631073,3.7818667888641357,-2.5881223678588867,3.692758321762085,3.0681681632995605,5.0
4.29496955871582,4.326450824737549,3.1033008098602295,3.4950268268585205,-3.252140522003174,4.71494197845459,4.638287544250488,5.0
8.750438690185547,7.058086395263672,6.5915913581848145,8.776082992553711,-7.170346736907959,10.39862060546875,8.314413070678711,5.0
5.408681392669678,6.091022968292236,5.825473308563232,7.498007297515869,-5.258817672729492,6.975650310516357,5.377095699310303,5.0
4.913039207458496,4.53186559677124,3.466057777404785,4.3380560874938965,-3.0590760707855225,4.402949810028076,4.254350662231445,5.0
3.9100289344787598,4.337142467498779,4.052440166473389,5.893685340881348,-3.76222825050354,4.9533185958862305,4.166693210601807,5.0
4.019989013671875,5.441504955291748,3.001164674758911,4.433056831359863,-2.9705350399017334,4.157463073730469,3.9104909896850586,5.0
7.500999450683594,7.57499361038208,6.390081405639648,7.232323169708252,-6.155646800994873,7.900957107543945,7.729820728302002,5.0
6.616058826446533,6.684241771697998,4.775576114654541,5.300219535827637,-5.2638936042785645,6.718103885650635,6.749933242797852,5.0
7.883227825164795,7.949045658111572,8.001147270202637,8.073928833007812,-6.723460674285889,7.799576282501221,8.476460456848145,5.0
10.584918975830078,10.231072425842285,9.893440246582031,13.68582534790039,-10.105610847473145,13.199180603027344,9.891529083251953,5.0
7.243886947631836,5.83180046081543,4.9759907722473145,7.45238733291626,-5.825798511505127,7.398952007293701,5.913591384887695,5.0
4.911159515380859,4.98053503036499,4.7614641189575195,5.080814361572266,-3.9486606121063232,6.730466365814209,5.547836780548096,5.0
3.293952465057373,3.593602180480957,2.6263315677642822,2.713980197906494,-2.0355145931243896,3.3540987968444824,2.7150039672851562,5.0
6.014278888702393,5.897498607635498,5.336180686950684,6.137453556060791,-4.769835472106934,7.075908660888672,5.368556976318359,5.0
4.029808044433594,3.9213688373565674,2.903737783432007,2.8353302478790283,-3.241265058517456,4.355372428894043,4.231022834777832,5.0
4.296398162841797,4.493786334991455,4.213824272155762,4.549612045288086,-3.5469346046447754,5.240476608276367,3.672408103942871,5.0
7.9510297775268555,7.622933387756348,7.476990222930908,9.405038833618164,-7.947227478027344,9.435853004455566,8.984307289123535,5.0
4.154384613037109,4.296636581420898,2.9181082248687744,4.115180015563965,-3.547536849975586,4.5753583908081055,5.062252521514893,5.0
6.9702372550964355,6.501054763793945,5.355210304260254,6.00946569442749,-5.214399814605713,7.523120880126953,6.013391017913818,5.0
4.277973175048828,4.1671271324157715,4.020781993865967,4.334826469421387,-4.136242389678955,4.952970027923584,4.401679515838623,5.0
5.934515953063965,6.020353317260742,5.8274455070495605,6.882429122924805,-4.197087287902832,6.049183368682861,5.894248962402344,5.0
7.126659393310547,6.928478717803955,6.4842023849487305,8.565114974975586,-6.410451412200928,8.06596565246582,7.5079874992370605,5.0
5.9342193603515625,5.963045120239258,6.4692182540893555,8.032090187072754,-5.432441234588623,8.49659538269043,6.555759429931641,5.0
5.31945276260376,4.636852741241455,3.378962278366089,4.311138153076172,-3.322391986846924,4.297649383544922,4.391836166381836,5.0
7.405337810516357,7.5460896492004395,5.628357887268066,6.404969215393066,-5.805452823638916,6.228762626647949,7.466178894042969,5.0
4.562412738800049,4.624294281005859,4.2818450927734375,4.7337260246276855,-4.026680946350098,5.49250602722168,4.6602911949157715,5.0
5.311239719390869,4.573413848876953,4.257791996002197,5.0131378173828125,-5.070408821105957,5.834357738494873,4.7175679206848145,5.0
6.681015968322754,6.8636250495910645,5.126999855041504,7.572286605834961,-5.892102241516113,7.992316246032715,6.142367362976074,5.0
7.7862772941589355,8.491302490234375,6.79118013381958,7.8241705894470215,-6.322148323059082,8.222739219665527,8.290313720703125,5.0
5.163624286651611,5.121340751647949,5.9383368492126465,7.013946533203125,-5.688214302062988,6.524956703186035,5.572022914886475,5.0
5.818016052246094,5.85186767578125,5.245373725891113,5.6550612449646,-5.2749104499816895,6.396920204162598,6.550724506378174,5.0
7.882309913635254,6.983162879943848,6.081169605255127,9.63084602355957,-6.8100080490112305,8.776206016540527,6.631265163421631,5.0
4.739319801330566,5.941375732421875,5.756514549255371,5.877336025238037,-4.144855499267578,6.53803014755249,5.477358341217041,5.0
5.979182720184326,5.753232002258301,3.725578784942627,4.295498847961426,-3.6451334953308105,4.307063102722168,5.491340637207031,5.0
4.66567325592041,4.798363208770752,5.214035987854004,6.1795573234558105,-4.2877197265625,6.229001045227051,4.393066883087158,5.0
4.700789451599121,4.0811381340026855,2.954529047012329,2.970944404602051,-4.023245811462402,4.745304584503174,4.266770839691162,5.0
5.249224662780762,5.25953483581543,5.222614288330078,6.238388538360596,-5.139130592346191,6.538262367248535,4.889797687530518,5.0
4.219428062438965,4.495985984802246,3.6274325847625732,4.2928972244262695,-3.1825945377349854,5.08336877822876,4.2908034324646,5.0
2.367929697036743,2.9902055263519287,1.2093157768249512,2.6302812099456787,-2.3987479209899902,1.9608652591705322,3.0584287643432617,5.0
3.993906021118164,4.1521501541137695,3.3568649291992188,3.8395628929138184,-2.897442102432251,3.967571973800659,3.5159544944763184,5.0
5.777566909790039,5.507129192352295,5.349586009979248,5.9234161376953125,-4.646094799041748,7.278781414031982,5.715349197387695,5.0
3.4494118690490723,3.3087522983551025,2.287846803665161,2.5941128730773926,-2.3177268505096436,2.666353225708008,3.328979969024658,5.0
7.40523099899292,6.357599258422852,6.715165615081787,7.639569282531738,-7.035287380218506,8.314504623413086,8.30329704284668,5.0
2.78661847114563,3.58381724357605,2.1547951698303223,3.1579926013946533,-2.5855038166046143,3.2906839847564697,3.0687074661254883,5.0
3.150783061981201,3.143418788909912,2.5438194274902344,3.1501448154449463,-2.4200081825256348,3.474008560180664,2.988987922668457,5.0
4.97878885269165,6.7873454093933105,4.086071014404297,6.725858211517334,-4.300903797149658,6.113222122192383,6.064552307128906,5.0
4.3885908126831055,4.524904251098633,3.7744336128234863,4.0956878662109375,-2.9262335300445557,4.528567790985107,4.027248859405518,5.0
5.455068111419678,5.362901210784912,5.00083589553833,6.1127028465271,-4.871601104736328,5.998139381408691,5.42482328414917,5.0
5.894796848297119,5.880276679992676,4.65925407409668,5.781726360321045,-4.589272975921631,6.405978202819824,5.791960716247559,5.0
3.168412923812866,3.6411190032958984,3.2434582710266113,3.8198156356811523,-2.526272773742676,4.0750885009765625,3.7591419219970703,5.0
5.82706880569458,5.578801155090332,4.2112507820129395,5.4410176277160645,-3.6208643913269043,5.4298601150512695,4.953736305236816,5.0
4.795369625091553,5.4495062828063965,5.486804008483887,7.040413856506348,-4.9335036277771,7.0962300300598145,5.451457500457764,5.0
5.043961524963379,4.8933892250061035,4.924097061157227,6.805228233337402,-4.840169429779053,6.874561309814453,5.260499000549316,5.0
3.1286582946777344,3.2351887226104736,2.677263021469116,3.1152188777923584,-2.155022144317627,3.9058377742767334,3.547337055206299,5.0
5.34411096572876,5.527597427368164,4.920419692993164,4.949911594390869,-4.568477153778076,6.492009162902832,5.163400650024414,5.0
4.905842304229736,4.971766471862793,5.359126567840576,6.615536212921143,-4.8105340003967285,6.277744293212891,6.050414085388184,5.0
5.062565803527832,4.223392963409424,3.1809909343719482,3.334775686264038,-4.084303379058838,5.672526836395264,4.740756034851074,5.0
4.90059757232666,5.23054838180542,5.1897358894348145,5.475831508636475,-4.114406585693359,6.676044464111328,5.769399642944336,5.0
6.218069553375244,6.11487340927124,4.85938835144043,8.034340858459473,-5.166996955871582,6.342260360717773,6.082544803619385,5.0
3.066542387008667,4.407986640930176,2.5507442951202393,4.146631717681885,-2.0291571617126465,4.336348533630371,3.894308567047119,5.0
2.319873809814453,2.304021120071411,2.2190988063812256,2.683316230773926,-1.8653935194015503,2.9649817943573,2.205819606781006,5.0
4.268486976623535,6.2579665184021,4.452157974243164,6.681262493133545,-4.3461174964904785,5.411861419677734,5.077445030212402,5.0
5.016191005706787,4.817155838012695,3.7471389770507812,5.331065654754639,-4.202491760253906,5.325506687164307,4.8491339683532715,5.0
2.8503785133361816,2.8944177627563477,1.9507336616516113,2.3075501918792725,-1.746983528137207,3.6268057823181152,2.5630271434783936,5.0
5.527904510498047,4.977985858917236,5.886385440826416,7.223810195922852,-4.975248336791992,6.076653957366943,5.113626956939697,5.0
2.9623470306396484,3.8711159229278564,3.104342222213745,3.8324718475341797,-2.8792855739593506,4.017622947692871,3.631943702697754,5.0
4.479028701782227,4.550649166107178,3.631730318069458,4.493797302246094,-4.281650066375732,4.8942694664001465,4.553498268127441,5.0
6.016745567321777,5.69042444229126,4.96420955657959,6.50938081741333,-5.345955848693848,6.589546203613281,5.686576843261719,5.0
5.6930084228515625,5.185130596160889,4.358121871948242,5.604872226715088,-4.490411758422852,5.952811241149902,5.301342010498047,5.0
3.8928446769714355,3.0385043621063232,2.6191465854644775,2.2688827514648438,-3.1713387966156006,3.86989688873291,4.203408241271973,5.0
4.474623680114746,6.097745895385742,4.230812072753906,5.449049949645996,-4.3111958503723145,5.767696857452393,6.044349193572998,5.0
5.05192756652832,5.326938152313232,4.469162464141846,6.038815498352051,-4.13314962387085,5.913633823394775,5.6263813972473145,5.0
4.5378947257995605,5.802724361419678,5.018899917602539,6.434028148651123,-4.811007499694824,6.175296783447266,5.04456090927124,5.0
5.456527233123779,5.38241720199585,5.078232765197754,5.9184722900390625,-4.392821311950684,6.567814350128174,5.350259304046631,5.0
7.9482245445251465,9.546077728271484,6.252708911895752,9.382591247558594,-7.083987236022949,6.86452054977417,9.182478904724121,5.0
3.0513949394226074,3.1282389163970947,2.4228312969207764,3.156041145324707,-2.403568983078003,3.2312941551208496,3.36686372756958,5.0
5.279506683349609,7.1942853927612305,3.532965660095215,5.648184299468994,-4.529561519622803,6.051749229431152,5.586674690246582,5.0
4.932895660400391,5.208240985870361,3.906308174133301,4.339351177215576,-4.421029567718506,6.174182415008545,6.243583679199219,5.0
6.630367755889893,6.699526786804199,5.997313976287842,8.60953140258789,-5.983394145965576,7.63564920425415,6.097071647644043,5.0
6.076422214508057,5.363079071044922,4.574930191040039,6.291165351867676,-5.256390571594238,5.8348164558410645,6.263545513153076,5.0
7.079537868499756,5.585025310516357,5.508751392364502,6.612630367279053,-5.914797306060791,7.002780437469482,6.737155437469482,5.0
2.098601818084717,2.7160370349884033,1.0852510929107666,2.929643392562866,-2.020890951156616,1.8517099618911743,2.7960100173950195,5.0
5.916273593902588,5.510016918182373,4.961716651916504,7.886285305023193,-5.540269374847412,6.996210098266602,5.467710494995117,5.0
4.836316108703613,4.9766693115234375,4.535737037658691,4.7393107414245605,-3.4845945835113525,5.140955448150635,4.602801322937012,5.0
7.242163181304932,6.636497497558594,6.748630523681641,7.397856712341309,-6.2003655433654785,7.941671371459961,6.834688663482666,5.0
5.879561424255371,6.9531755447387695,6.349773406982422,7.389486312866211,-6.43837308883667,7.11024284362793,6.511890888214111,5.0
5.4039411544799805,5.341035842895508,5.442636966705322,6.996310234069824,-5.287666320800781,7.311337947845459,5.4229960441589355,5.0
4.698082447052002,5.341318607330322,4.455678939819336,5.6330366134643555,-4.155827522277832,7.03515625,5.141992092132568,5.0
5.526971340179443,5.002763271331787,5.004177570343018,6.176845550537109,-5.190518856048584,6.401803970336914,5.652533531188965,5.0
4.977170944213867,5.012507915496826,4.862164497375488,6.140085220336914,-4.278569221496582,6.050151348114014,4.890695571899414,5.0
4.526253700256348,4.664483547210693,3.5069580078125,4.76042366027832,-3.763892412185669,4.889615535736084,5.004133224487305,5.0
5.023640155792236,6.453488349914551,4.065626621246338,6.387478828430176,-4.082693576812744,5.7480621337890625,5.639588832855225,5.0
5.179832458496094,6.716886043548584,6.620716094970703,7.974110126495361,-5.44508695602417,7.2145304679870605,6.497303009033203,5.0
8.04839038848877,8.15191650390625,7.84807825088501,10.34804916381836,-7.28853702545166,9.476163864135742,9.05174446105957,5.0
-0.7804096341133118,1.3484416007995605,10.144803047180176,-8.174583435058594,-7.993588447570801,9.271202087402344,0.8739103674888611,15.0
-0.07835308462381363,0.5483576059341431,5.689672946929932,-6.634541034698486,-5.2142558097839355,5.219666004180908,0.6652471423149109,15.0
-1.4646522998809814,1.5719480514526367,9.608330726623535,-9.298900604248047,-7.887948513031006,9.234914779663086,0.88346928358078,15.0
-0.6709849834442139,0.6131801009178162,7.190220355987549,-6.374459743499756,-5.209855079650879,6.845225811004639,0.7734308838844299,15.0
-1.5106792449951172,-0.1601399928331375,2.8450989723205566,-4.742198944091797,-4.514159679412842,4.654994487762451,0.4236416816711426,15.0
-0.6585285663604736,0.4503621757030487,3.7806825637817383,-3.844998836517334,-3.4464025497436523,4.0293378829956055,0.024187833070755005,15.0
-0.7705466151237488,0.8692073822021484,6.876558303833008,-6.718802452087402,-5.3871073722839355,6.982326030731201,1.0815333127975464,15.0
-0.16571934521198273,1.1611268520355225,7.523453235626221,-6.946838855743408,-5.944175720214844,6.108676433563232,0.9975669980049133,15.0
-0.7836634516716003,0.3223404586315155,4.853775501251221,-4.566900730133057,-3.823209524154663,5.340157508850098,0.3200926184654236,15.0
-0.2909495532512665,0.4523124396800995,9.060811996459961,-8.60399055480957,-5.93129301071167,9.065567016601562,1.7316755056381226,15.0
0.04790555313229561,0.4537185728549957,5.612234115600586,-5.589348316192627,-4.892493724822998,4.942080974578857,0.5208165049552917,15.0
-0.7747961282730103,0.34291133284568787,4.445001602172852,-6.10370397567749,-5.409550666809082,5.040846347808838,0.4367181062698364,15.0
-0.9163873791694641,0.361458957195282,5.057405948638916,-6.7751922607421875,-5.89538049697876,5.681798934936523,0.56794273853302,15.0
-0.08344021439552307,1.0070346593856812,8.054461479187012,-9.413732528686523,-7.178444862365723,7.197338104248047,1.660786747932434,15.0
-0.7341911196708679,0.8977269530296326,7.50419282913208,-7.910271167755127,-6.279446601867676,7.389190196990967,1.2019025087356567,15.0
-0.8691139221191406,0.3696393370628357,5.632126808166504,-6.097840309143066,-5.3229899406433105,6.036133289337158,0.7425922751426697,15.0
0.557403028011322,0.6762985587120056,7.001067161560059,-5.298333168029785,-4.310581207275391,5.850294589996338,0.13968662917613983,15.0
-1.2850351333618164,0.8481513261795044,6.124715805053711,-6.712244510650635,-5.069701194763184,6.621018409729004,1.0231108665466309,15.0
-0.5041719675064087,0.3977799117565155,5.008572101593018,-5.505745887756348,-4.076111316680908,5.191540718078613,0.9688611626625061,15.0
-0.8439480662345886,0.3215133547782898,5.864665508270264,-6.108380317687988,-4.767901420593262,6.197528839111328,1.0920844078063965,15.0
-0.918635904788971,-0.09222429990768433,3.7311978340148926,-6.640400409698486,-5.352640628814697,4.833368301391602,0.44334107637405396,15.0
-0.6969934701919556,0.3954644799232483,4.759272575378418,-6.278850078582764,-4.650306224822998,5.023885250091553,0.6344460844993591,15.0
-0.862176239490509,0.7178401350975037,7.333948612213135,-6.836892127990723,-6.144200325012207,7.3862223625183105,1.0140395164489746,15.0
-0.4821913242340088,0.4090796411037445,5.313198566436768,-4.306159496307373,-4.6181230545043945,5.554372310638428,0.29721176624298096,15.0
0.19671601057052612,0.5610446929931641,5.079298496246338,-3.860513210296631,-3.5336754322052,3.9696218967437744,0.29974180459976196,15.0
-1.0950614213943481,-0.6494182348251343,2.5855202674865723,-4.096391201019287,-3.6911823749542236,4.776155471801758,0.3039483428001404,15.0
-0.14446575939655304,0.8148707747459412,6.776848793029785,-6.251229763031006,-4.44202995300293,6.2060866355896,1.2239677906036377,15.0
-0.19517773389816284,0.18992915749549866,4.595174789428711,-3.366084575653076,-3.681586742401123,5.042634010314941,0.11318455636501312,15.0
-0.5976914763450623,0.5298542380332947,7.480815887451172,-5.980400562286377,-4.525521755218506,7.449307918548584,0.6814071536064148,15.0
-0.07030653208494186,-0.40051019191741943,7.933662414550781,-8.241647720336914,-6.7895941734313965,8.340312957763672,1.6254802942276,15.0
-0.7973543405532837,0.8470428586006165,5.8151397705078125,-4.054436683654785,-4.452913284301758,6.032749176025391,0.11162208020687103,15.0
-0.5309906601905823,0.31200164556503296,6.674790859222412,-7.457801818847656,-5.396472454071045,6.925228118896484,0.9078409075737,15.0
-2.018073081970215,0.1072501540184021,5.513070106506348,-7.254904270172119,-6.034667491912842,7.544870376586914,1.053199291229248,15.0
-0.7166882753372192,-0.2922021746635437,9.814558982849121,-11.513399124145508,-8.700640678405762,10.667534828186035,2.5984175205230713,15.0
-0.20687058568000793,0.5918799042701721,8.972452163696289,-6.217095851898193,-6.446465969085693,8.560266494750977,0.5338146686553955,15.0
-0.734276533126831,0.29278451204299927,4.739627838134766,-4.700815200805664,-4.063430309295654,5.153501033782959,0.5029778480529785,15.0
-0.622843861579895,0.7662370800971985,6.705574035644531,-5.434848308563232,-4.702931880950928,6.354761123657227,0.5664765238761902,15.0
-0.3620203137397766,0.5418692827224731,6.016591548919678,-6.897608280181885,-5.25651741027832,6.209792613983154,0.8828369975090027,15.0
-0.613947868347168,1.0725231170654297,5.0232954025268555,-6.457585334777832,-5.151758193969727,4.517324924468994,0.597852349281311,15.0
0.01783907040953636,1.2975857257843018,9.54055118560791,-8.76318645477295,-7.8990044593811035,8.159530639648438,0.7755379676818848,15.0
-1.2797189950942993,0.01231367141008377,3.804259777069092,-3.969813585281372,-3.1569390296936035,4.961007595062256,0.4674115777015686,15.0
-0.8890970945358276,0.04876957833766937,2.1237950325012207,-3.5772626399993896,-2.981144905090332,2.905177593231201,0.18372081220149994,15.0
0.19627991318702698,0.6559668779373169,7.633587837219238,-6.1032562255859375,-5.342156887054443,6.449822902679443,1.0544174909591675,15.0
-0.019818589091300964,1.2251031398773193,8.65605640411377,-6.535505294799805,-7.5306010246276855,8.087804794311523,-0.3245973587036133,15.0
-0.28924351930618286,-0.004587225615978241,6.170342445373535,-4.511403560638428,-3.822326183319092,6.223326206207275,0.3718392848968506,15.0
-1.2026783227920532,0.08290429413318634,6.812333106994629,-6.432947635650635,-4.718381881713867,7.722100734710693,1.0971297025680542,15.0
-1.1284574270248413,-0.007566377520561218,5.169187068939209,-5.821054458618164,-4.193779945373535,5.999975681304932,0.8287033438682556,15.0
-0.32192468643188477,0.5944241881370544,4.281755447387695,-4.329666614532471,-4.103610038757324,3.8919389247894287,0.12704454362392426,15.0
-1.2410576343536377,0.5066558122634888,4.268261909484863,-3.2240092754364014,-3.7142531871795654,5.072897911071777,0.3605725169181824,15.0
-0.308542400598526,0.32933902740478516,4.505305767059326,-3.4261839389801025,-3.741443395614624,5.303962707519531,0.006259337067604065,15.0
-1.1369516849517822,1.2396841049194336,6.520142078399658,-6.423319339752197,-6.056830883026123,6.332147121429443,0.5665383338928223,15.0
-0.47984570264816284,0.86479252576828,5.553947925567627,-5.518500804901123,-4.293494701385498,5.3520941734313965,0.6228266954421997,15.0
-1.2495965957641602,0.5074955821037292,8.281559944152832,-8.745353698730469,-5.487468242645264,8.822880744934082,2.0698776245117188,15.0
-0.7088170051574707,0.3952864706516266,3.3410778045654297,-3.54996657371521,-2.9159696102142334,3.8219029903411865,0.261235773563385,15.0
-0.34693610668182373,0.01278671808540821,5.168493270874023,-5.413239479064941,-3.959928512573242,5.154102802276611,1.14572274684906,15.0
-1.1741591691970825,0.21455645561218262,4.59534215927124,-5.537290096282959,-4.352935314178467,5.855963230133057,0.8665942549705505,15.0
-1.549031376838684,0.37367525696754456,6.9068427085876465,-7.272148132324219,-5.123979568481445,7.9338765144348145,1.1025527715682983,15.0
-0.4162105619907379,0.5175949931144714,3.8869128227233887,-4.060293197631836,-3.52605938911438,3.9145944118499756,0.28688281774520874,15.0
-0.07875339686870575,0.7257530093193054,6.454650402069092,-6.882410526275635,-6.013821601867676,5.933227062225342,0.5588957667350769,15.0
-0.49495095014572144,0.5869903564453125,8.468724250793457,-8.153022766113281,-6.038154602050781,8.36453628540039,1.1552420854568481,15.0
-1.9267489910125732,0.12369517982006073,6.7441205978393555,-7.487256050109863,-4.842476844787598,8.16589069366455,1.7312159538269043,15.0
-0.8020903468132019,1.233525276184082,8.714632987976074,-8.282231330871582,-7.886508941650391,8.265772819519043,0.46114683151245117,15.0
0.19982165098190308,0.5794491767883301,3.86423921585083,-3.5075104236602783,-2.7740731239318848,2.9128220081329346,0.2876291275024414,15.0
-0.6874882578849792,0.5673248171806335,6.496794700622559,-5.572299957275391,-5.2733941078186035,6.576755523681641,0.7542903423309326,15.0
-1.0046074390411377,0.015114136040210724,4.4517598152160645,-5.843513011932373,-3.8009493350982666,5.337954998016357,1.3237558603286743,15.0
-0.30802035331726074,0.41225501894950867,3.6486363410949707,-4.589518070220947,-3.193028211593628,3.7049951553344727,0.4688901901245117,15.0
-0.7384061813354492,0.9829390048980713,7.217526912689209,-6.971604347229004,-7.1054205894470215,6.523858547210693,0.47964709997177124,15.0
-1.869895100593567,0.08883404731750488,8.50648307800293,-9.907950401306152,-7.157705783843994,9.915283203125,2.078254461288452,15.0
-0.4278561770915985,0.07813061773777008,7.7297821044921875,-8.732791900634766,-6.980422496795654,7.982243061065674,1.6416019201278687,15.0
-1.42792809009552,1.3298574686050415,7.103257179260254,-6.2573418617248535,-6.709312438964844,8.065441131591797,0.3895558714866638,15.0
-0.71883225440979,0.4141257405281067,4.893986701965332,-5.027685642242432,-4.544581890106201,5.125339984893799,0.6415331363677979,15.0
-0.6737889647483826,1.3166229724884033,6.13270902633667,-5.640810489654541,-5.41391658782959,5.372262954711914,0.619179904460907,15.0
-0.8300486207008362,0.4253259003162384,5.737032890319824,-5.413661479949951,-4.29118537902832,6.184266090393066,0.7663074135780334,15.0
-0.44312727451324463,0.7842411994934082,6.880823135375977,-7.620617389678955,-6.889517307281494,6.783479690551758,0.38030630350112915,15.0
0.0119846872985363,-0.1830952763557434,3.2760167121887207,-2.7676563262939453,-2.4371273517608643,3.4891278743743896,0.17075662314891815,15.0
0.6266053915023804,0.6330732703208923,5.814574241638184,-5.811879634857178,-4.811219215393066,4.460290908813477,0.23785088956356049,15.0
-1.2224012613296509,0.5230423212051392,7.311914443969727,-6.3096442222595215,-6.068522930145264,8.276272773742676,0.5219829082489014,15.0
-0.6441163420677185,-0.6278160810470581,4.573733806610107,-5.317450523376465,-4.2901434898376465,5.855355739593506,0.7537735104560852,15.0
-0.8250224590301514,0.3235251307487488,4.364279270172119,-3.7904322147369385,-3.173541784286499,4.628885746002197,0.28627222776412964,15.0
-1.0346251726150513,0.5074439644813538,5.383168697357178,-5.2564897537231445,-3.946744680404663,6.094274997711182,0.34218257665634155,15.0
-1.3413059711456299,1.2075176239013672,11.497931480407715,-12.321603775024414,-10.517436027526855,11.642083168029785,2.0507466793060303,15.0
-1.1860014200210571,-0.5033226013183594,4.432029724121094,-6.008787155151367,-4.151118755340576,6.004956245422363,1.1859114170074463,15.0
-1.4360929727554321,0.950162947177887,4.758951187133789,-5.536067485809326,-4.2726263999938965,5.1221184730529785,0.37501996755599976,15.0
-0.8886868357658386,0.40351614356040955,2.63490629196167,-3.0082414150238037,-2.3951709270477295,2.9068305492401123,0.19239728152751923,15.0
0.4963848292827606,0.7590025067329407,5.539485931396484,-5.199365615844727,-4.288387298583984,4.314525127410889,0.48433417081832886,15.0
-1.31925368309021,0.6781651377677917,4.156660079956055,-3.819693088531494,-4.504202365875244,5.625122547149658,-0.16741348803043365,15.0
-1.2354251146316528,0.49855366349220276,7.21798038482666,-8.200116157531738,-6.313390254974365,8.00715446472168,1.3400616645812988,15.0
-1.552046775817871,0.09678108990192413,5.732448101043701,-6.19157075881958,-3.783398389816284,7.368158340454102,0.6666242480278015,15.0
0.20894506573677063,0.839567244052887,6.26753044128418,-5.006903648376465,-4.957885265350342,5.6241068840026855,0.18201138079166412,15.0
-0.8692701458930969,0.22456733882427216,3.992016315460205,-4.809799671173096,-4.147950649261475,4.9667067527771,0.47370654344558716,15.0
-0.9426465630531311,0.27528902888298035,3.2851762771606445,-3.737312078475952,-3.678250312805176,3.9391427040100098,0.11645810306072235,15.0
-1.1159946918487549,0.33700937032699585,3.4192652702331543,-3.635321855545044,-3.9293456077575684,4.593704700469971,-0.0257580429315567,15.0
-0.26390522718429565,-0.06625962257385254,3.22926664352417,-3.7920424938201904,-2.5500071048736572,3.5303657054901123,0.6311594247817993,15.0
-1.1634504795074463,0.4035490155220032,4.806591987609863,-5.613382816314697,-3.753063678741455,5.712743759155273,0.9192466139793396,15.0
0.36020201444625854,0.8535745739936829,6.745348930358887,-6.178816795349121,-5.303182125091553,5.650605201721191,0.564637303352356,15.0
-0.5637152791023254,-0.13244950771331787,3.390977382659912,-4.96829080581665,-3.4863288402557373,4.065555095672607,0.6519904136657715,15.0
-0.39062929153442383,1.3839045763015747,8.254585266113281,-8.5652494430542,-7.804683685302734,7.241878032684326,0.24400471150875092,15.0
-2.2848591804504395,2.16410493850708,9.713295936584473,-9.989376068115234,-9.486652374267578,9.868424415588379,1.1554629802703857,15.0
0.44403526186943054,0.1233825534582138,4.0506696701049805,-2.908859968185425,-2.2534055709838867,3.4077532291412354,-0.017141535878181458,15.0
-0.8902769684791565,0.5986530184745789,5.016696453094482,-5.6773223876953125,-4.519509315490723,5.831250190734863,0.7240728139877319,15.0
-0.5976519584655762,0.32735466957092285,3.4547557830810547,-3.6894731521606445,-2.841930627822876,3.5329246520996094,0.5526723861694336,15.0
-1.7340143918991089,0.6991446614265442,5.2500224113464355,-5.396655559539795,-4.641518592834473,6.5354695320129395,0.4760890007019043,15.0
-1.6920089721679688,0.1441667675971985,5.432366847991943,-5.592184066772461,-5.416601657867432,6.621003150939941,0.8726416230201721,15.0
-0.4534032344818115,0.4922911822795868,5.217886924743652,-3.592531442642212,-4.003644943237305,5.461094856262207,0.025544792413711548,15.0
-1.0270748138427734,0.8053115606307983,6.353270053863525,-5.5471510887146,-5.399331092834473,6.623519420623779,0.4703344702720642,15.0
-0.7051379084587097,0.12162908911705017,7.0737528800964355,-6.956930637359619,-5.936258316040039,8.065407752990723,1.0798141956329346,15.0
0.0995575338602066,0.27787068486213684,6.612799644470215,-5.334488868713379,-4.882020950317383,6.32100772857666,0.47971832752227783,15.0
-1.279414415359497,0.6903808116912842,6.943919658660889,-6.077114105224609,-4.9252753257751465,7.657138824462891,0.48081421852111816,15.0
-0.7210252285003662,0.9403893947601318,6.0023956298828125,-5.689971446990967,-4.503787040710449,5.831056594848633,0.28148895502090454,15.0
-0.9771237373352051,0.6811035871505737,3.232029914855957,-4.072332859039307,-4.2798590660095215,4.036569595336914,-0.24385657906532288,15.0
-0.8616489768028259,0.7128721475601196,5.679893493652344,-3.717163324356079,-3.8988406658172607,6.002978801727295,0.2688385248184204,15.0
-0.8091475963592529,0.49137771129608154,7.9971137046813965,-7.341043472290039,-7.279083728790283,8.354140281677246,0.7740669846534729,15.0
-0.8287254571914673,0.5298344492912292,3.5525126457214355,-4.2273688316345215,-3.660167694091797,4.416441917419434,0.28943806886672974,15.0
0.3184809386730194,0.9162354469299316,8.931511878967285,-5.88646125793457,-5.750274658203125,7.728836536407471,0.18045909702777863,15.0
-0.969534695148468,0.08700178563594818,8.705850601196289,-8.46816635131836,-6.087587833404541,9.539134979248047,1.6286296844482422,15.0
-1.4505094289779663,0.9795560836791992,6.795257091522217,-7.382111549377441,-5.381956577301025,7.263802528381348,1.1543711423873901,15.0
-0.4698787331581116,0.6905137896537781,4.149366855621338,-3.8327298164367676,-3.8830044269561768,3.9777674674987793,0.051725536584854126,15.0
-0.357069730758667,0.5914325714111328,6.116179943084717,-4.286463260650635,-4.105432510375977,5.789115905761719,0.4793102741241455,15.0
-0.4113907814025879,-0.015949126332998276,4.35099983215332,-4.74112606048584,-3.228780746459961,4.842700958251953,0.9458277821540833,15.0
-1.215834140777588,1.5564442873001099,8.835844039916992,-7.497044086456299,-7.83500862121582,9.135557174682617,0.5727868676185608,15.0
-0.7502020597457886,0.8507724404335022,7.078874588012695,-6.006750583648682,-5.085384845733643,7.022572994232178,0.8750560879707336,15.0
-1.1804463863372803,0.9514346718788147,6.27433443069458,-6.7268171310424805,-5.630428314208984,6.270749568939209,0.9388638138771057,15.0
0.14729706943035126,0.16595350205898285,7.440710544586182,-6.971660137176514,-6.047625541687012,7.169091701507568,0.8337491154670715,15.0
-1.0774694681167603,-0.20643436908721924,4.520771026611328,-6.743303298950195,-5.75001859664917,5.990228176116943,0.5841431021690369,15.0
-0.526967465877533,0.05715259537100792,4.667214393615723,-3.907788038253784,-4.001279830932617,4.962658882141113,0.5677170753479004,15.0
-0.892713725566864,0.5956623554229736,7.950051307678223,-8.744832038879395,-6.961880683898926,8.16592025756836,1.2759257555007935,15.0
-0.6035789251327515,0.20148754119873047,2.9461283683776855,-2.5701417922973633,-2.6734719276428223,3.5306966304779053,-0.07867100834846497,15.0
-1.1855071783065796,0.014860274270176888,4.247196197509766,-5.223086833953857,-4.315786838531494,5.879777431488037,0.49060505628585815,15.0
-0.9818674325942993,0.6617110371589661,7.076247692108154,-7.109816551208496,-6.409168720245361,7.182844161987305,0.7816256880760193,15.0
-0.5267741680145264,0.3419235348701477,7.577672958374023,-6.451572895050049,-5.334776878356934,7.528219699859619,0.5453104972839355,15.0
-1.649863839149475,0.7383176684379578,5.052630424499512,-4.807168960571289,-4.545597553253174,6.048966407775879,0.6318644285202026,15.0
-1.0425070524215698,0.18987484276294708,6.348511695861816,-7.3282928466796875,-4.413217544555664,7.481783390045166,1.1804808378219604,15.0
-0.3174448609352112,0.4247435927391052,3.782425880432129,-4.0309247970581055,-4.074216365814209,3.7803566455841064,0.026834160089492798,15.0
-0.17599083483219147,1.005763292312622,7.560117721557617,-7.20593786239624,-6.503169059753418,6.699556350708008,0.4441494345664978,15.0
-0.8891693949699402,0.49543190002441406,3.9899120330810547,-4.282871723175049,-4.177974224090576,5.030394077301025,0.32491934299468994,15.0
-0.5192208290100098,0.37854236364364624,3.589052677154541,-2.873398542404175,-2.9092981815338135,3.7621116638183594,0.02652020752429962,15.0
-1.2622737884521484,-0.1515309363603592,4.229365825653076,-5.513576507568359,-4.40009880065918,5.606066703796387,0.7515553832054138,15.0
0.7860686182975769,0.8261784911155701,5.8742780685424805,-4.706096172332764,-3.740790605545044,4.179183006286621,0.26114749908447266,15.0
-0.2923460900783539,0.7353499531745911,4.199149131774902,-4.827348709106445,-4.384779930114746,3.7953717708587646,-0.20038795471191406,15.0
-0.782974123954773,0.40934666991233826,2.6292643547058105,-3.8613102436065674,-3.4420270919799805,2.983731269836426,-0.003582566976547241,15.0
-1.4606101512908936,-0.3298913240432739,4.142343521118164,-5.984573841094971,-4.676639080047607,6.0318193435668945,0.7763862609863281,15.0
-1.1660979986190796,0.047961149364709854,5.949086666107178,-5.461851119995117,-4.509446620941162,6.7489519119262695,0.8182584643363953,15.0
-0.9662492275238037,-0.47202107310295105,5.287693977355957,-7.571628093719482,-5.120071887969971,6.979095935821533,1.558602213859558,15.0
-1.1329258680343628,0.7779521942138672,4.058078289031982,-4.766650676727295,-4.463018417358398,4.777811050415039,0.16590799391269684,15.0
-1.083683729171753,-0.015570148825645447,5.18965482711792,-5.50351619720459,-4.371695041656494,6.264198303222656,0.8447631001472473,15.0
-0.9851187467575073,0.29680898785591125,3.766402244567871,-3.523984432220459,-2.8923349380493164,4.339076042175293,0.35843825340270996,15.0
-0.8250629901885986,0.926441490650177,4.549727916717529,-4.491751670837402,-3.9960975646972656,4.371622562408447,0.15379531681537628,15.0
-0.6573036909103394,0.45111727714538574,3.3032383918762207,-2.7469756603240967,-3.3057518005371094,3.749533176422119,-0.11640211939811707,15.0
-0.4079148769378662,0.4024640917778015,5.443826198577881,-6.510133743286133,-4.93029260635376,5.481590270996094,0.5215932726860046,15.0
0.13959361612796783,-0.33028700947761536,4.7773847579956055,-4.245246887207031,-3.2891995906829834,4.810583591461182,0.4930921792984009,15.0
-0.12505725026130676,-0.43962058424949646,2.6026434898376465,-3.3226919174194336,-2.928593158721924,3.14455246925354,0.1586524099111557,15.0
0.7451993227005005,1.290822148323059,9.905442237854004,-10.35125732421875,-8.158308029174805,7.676921367645264,1.449021816253662,15.0
-0.27776050567626953,0.8331183791160583,6.981208801269531,-6.27180814743042,-5.390456676483154,6.433484077453613,0.7496809363365173,15.0
-1.492498517036438,0.026280641555786133,6.077521324157715,-7.606022357940674,-5.944386959075928,7.549865245819092,1.2862584590911865,15.0
-0.8601954579353333,0.5383052825927734,2.514829635620117,-2.6573455333709717,-2.612548351287842,2.971078872680664,0.039805904030799866,15.0
-0.023614052683115005,0.021830247715115547,3.1601357460021973,-2.9547884464263916,-2.162971019744873,2.9951000213623047,0.467046320438385,15.0
0.10857720673084259,1.0796517133712769,5.167340278625488,-6.2355637550354,-4.7913432121276855,3.92203688621521,0.7766370177268982,15.0
-0.4487660229206085,0.17526303231716156,6.095950603485107,-4.987039089202881,-3.584005832672119,6.170037269592285,0.47466611862182617,15.0
-0.8809697031974792,-0.3718588054180145,2.5918169021606445,-3.889669418334961,-3.4900615215301514,3.952214479446411,0.4753986597061157,15.0
0.1554432362318039,0.195525661110878,8.691123962402344,-6.8661112785339355,-5.811007022857666,7.972938537597656,1.3929256200790405,15.0
-0.621909499168396,0.46061939001083374,3.3250880241394043,-4.080513000488281,-2.8040924072265625,3.381983995437622,0.566673994064331,15.0
-0.17136630415916443,0.2128748595714569,9.244966506958008,-7.1606316566467285,-6.012906551361084,9.074170112609863,0.8112844824790955,15.0
-1.1437169313430786,-0.04893757030367851,6.692696571350098,-7.499645709991455,-5.862998962402344,7.816002368927002,1.189866304397583,15.0
-0.49965113401412964,0.5867323279380798,6.155478477478027,-7.032871246337891,-5.362953186035156,6.029748439788818,0.7712574005126953,15.0
-1.7877814769744873,0.1716553121805191,6.059403896331787,-7.606681823730469,-5.328969478607178,7.488194942474365,1.6222448348999023,15.0
-1.7357758283615112,0.4180545210838318,5.566983699798584,-5.649008274078369,-4.130882263183594,6.615462779998779,0.8286553025245667,15.0
-0.8299961686134338,-0.2500724494457245,4.6492509841918945,-6.197347640991211,-4.285726547241211,5.721869468688965,1.2197837829589844,15.0
-1.3566203117370605,0.09949644654989243,6.523617267608643,-7.043957710266113,-6.118068695068359,7.7727813720703125,0.9366238713264465,15.0
-1.2105268239974976,0.4220718741416931,5.45324182510376,-5.245808124542236,-4.089390754699707,6.84065580368042,0.39042115211486816,15.0
0.7527254819869995,0.23278099298477173,8.547057151794434,-7.234890460968018,-5.108879089355469,7.3712944984436035,1.5789419412612915,15.0
0.02096971496939659,-0.7792369723320007,5.436727046966553,-5.556016445159912,-4.033777713775635,5.905545711517334,1.0892679691314697,15.0
-0.5383397340774536,0.7407339811325073,8.608945846557617,-8.131978988647461,-7.965396881103516,8.223362922668457,0.5751794576644897,15.0
-0.9989065527915955,1.1525551080703735,6.595334053039551,-5.964221954345703,-5.877750873565674,6.899425029754639,0.39243990182876587,15.0
-0.7278012037277222,0.13010241091251373,5.379363059997559,-4.940089225769043,-4.761668682098389,6.1936516761779785,0.46362149715423584,15.0
-1.233292579650879,0.2901741564273834,4.2173357009887695,-5.509155750274658,-5.348777770996094,5.088344097137451,0.49631887674331665,15.0
-0.3605234920978546,0.6033275127410889,8.879773139953613,-8.408612251281738,-5.553825855255127,8.746529579162598,1.4179582595825195,15.0
-0.4862038791179657,0.7579041123390198,6.6936516761779785,-6.8091325759887695,-5.504860877990723,6.705408096313477,0.8130360245704651,15.0
-0.22124779224395752,0.13534508645534515,4.915974140167236,-3.254878520965576,-3.3601248264312744,5.257136344909668,0.03515540063381195,15.0
-0.10903376340866089,0.7259159088134766,7.842144966125488,-6.86777925491333,-5.9406914710998535,7.598665714263916,0.49569129943847656,15.0
-0.5701960325241089,0.8945243954658508,8.842659950256348,-8.314719200134277,-8.113506317138672,8.33545207977295,0.4812929630279541,15.0
-0.5113733410835266,-0.06637643277645111,6.637331485748291,-7.34128999710083,-5.031555652618408,7.511575698852539,1.440453290939331,15.0
-0.552501380443573,1.2059166431427002,8.239457130432129,-7.017845630645752,-7.015513896942139,7.601761817932129,0.559842586517334,15.0
-1.0260462760925293,0.9504382610321045,11.14249324798584,-9.884751319885254,-6.9810099601745605,11.266342163085938,1.9534645080566406,15.0
-0.5964291095733643,0.6509643793106079,6.996439456939697,-6.716737747192383,-5.905505657196045,7.233306884765625,0.38777291774749756,15.0
0.22532722353935242,0.10668285191059113,5.533369541168213,-4.946529388427734,-3.7131683826446533,5.315703868865967,0.7218212485313416,15.0
-1.5712848901748657,0.8253011703491211,11.10340690612793,-12.03759765625,-9.653654098510742,11.857450485229492,2.0009233951568604,15.0
-0.9244516491889954,-0.16737951338291168,4.123302936553955,-5.235202789306641,-3.7587010860443115,5.360358715057373,0.761272132396698,15.0
-0.3316313922405243,1.299639344215393,6.518162727355957,-7.082149028778076,-6.11970853805542,5.4118266105651855,0.44066768884658813,15.0
-2.070561647415161,0.13012656569480896,3.8412575721740723,-3.797586441040039,-4.135510444641113,6.577193737030029,0.07889614999294281,15.0
-0.3522030711174011,0.1298050433397293,4.878981113433838,-5.19010591506958,-4.461925983428955,5.038599967956543,0.3232726454734802,15.0
-0.25181126594543457,0.4379909038543701,5.469188690185547,-5.5394487380981445,-4.410417079925537,5.3457794189453125,0.29671698808670044,15.0
-1.7492780685424805,0.7593532800674438,7.061910629272461,-6.628856182098389,-5.412014007568359,8.337484359741211,0.9552902579307556,15.0
-0.0581994354724884,0.9377247095108032,5.4849371910095215,-7.023995876312256,-5.4196672439575195,4.574615478515625,0.7641612887382507,15.0
-0.4910687804222107,0.48819637298583984,5.126953601837158,-3.4403464794158936,-3.649176836013794,5.307396411895752,0.18159104883670807,15.0
0.49714574217796326,0.45153868198394775,6.553165435791016,-4.934376239776611,-4.483678817749023,5.510687351226807,0.06774438917636871,15.0
-2.3215584754943848,1.0054739713668823,5.566379070281982,-7.032759666442871,-6.563262462615967,7.647761821746826,0.4835115075111389,15.0
-0.6041692495346069,0.6477113962173462,6.214166164398193,-5.575510501861572,-4.398110866546631,6.229694366455078,0.6025202870368958,15.0
-1.8900938034057617,0.656475841999054,7.875267505645752,-7.224380970001221,-7.82066011428833,9.15333080291748,0.6408259868621826,15.0
-0.8299592733383179,-0.1327555924654007,2.33096981048584,-3.612323522567749,-2.9030885696411133,3.3098833560943604,0.4317460060119629,15.0
-0.7987236380577087,0.7400134205818176,6.0707478523254395,-6.228959083557129,-5.060919761657715,5.96990442276001,0.9272894263267517,15.0
-0.08442226052284241,0.15849639475345612,3.4659547805786133,-3.2724742889404297,-2.8681302070617676,3.300433397293091,0.25710374116897583,15.0
-0.8178247809410095,0.37224090099334717,5.527734756469727,-5.002875804901123,-4.955262660980225,6.596115589141846,0.24933592975139618,15.0
-0.21803055703639984,0.5797258019447327,5.03178596496582,-6.033337116241455,-4.860697269439697,4.789422035217285,0.5263679623603821,15.0
-1.0659455060958862,0.1996670514345169,5.265310287475586,-5.718750476837158,-4.842348098754883,6.181585788726807,1.0394411087036133,15.0
-1.5599443912506104,0.6244778037071228,6.889368534088135,-6.99920129776001,-5.560678482055664,7.940174579620361,0.49976837635040283,15.0
-0.7482942938804626,0.5219268202781677,4.532516956329346,-5.119887351989746,-4.241787433624268,4.62841796875,0.8057529926300049,15.0
-0.454825758934021,1.2166531085968018,7.577460765838623,-6.389492511749268,-6.111687183380127,7.304378986358643,0.6944231986999512,15.0
-1.3234835863113403,1.004472017288208,5.948662757873535,-5.677429676055908,-5.5674729347229,6.874314785003662,0.5624237060546875,15.0
0.003844071179628372,0.44023844599723816,6.1961283683776855,-4.3451008796691895,-4.010355472564697,5.5869221687316895,0.6227141618728638,15.0
-0.46978411078453064,0.010948406532406807,2.3965420722961426,-2.939401865005493,-2.7715649604797363,2.643049716949463,0.2222774475812912,15.0
-0.7971435189247131,0.468299925327301,4.463737487792969,-3.8045082092285156,-3.763381242752075,4.6679887771606445,0.22870518267154694,15.0
-0.18673983216285706,0.6730929017066956,6.007616996765137,-6.0007548332214355,-5.019766807556152,5.439862251281738,0.1341547816991806,15.0
-1.1022355556488037,0.4803559184074402,3.8089356422424316,-2.876558780670166,-4.061452865600586,4.899060249328613,-0.04529830813407898,15.0
-0.5256409049034119,0.7853184342384338,3.0631279945373535,-2.0044047832489014,-2.977848768234253,3.2834198474884033,-0.3193260431289673,15.0
-0.8357843160629272,0.06072046235203743,5.2474565505981445,-5.667484760284424,-5.006099700927734,6.090630054473877,0.5367578864097595,15.0
-0.6749321222305298,0.3590109646320343,6.902576446533203,-7.237513065338135,-6.49951696395874,7.066174030303955,1.205657958984375,15.0
-0.3788146376609802,0.574553370475769,7.0246663093566895,-6.9247212409973145,-5.242732048034668,6.869960308074951,0.7535864114761353,15.0
-0.7605003118515015,0.12136022746562958,4.516743183135986,-4.743936061859131,-3.7789955139160156,5.082228183746338,0.4026423692703247,15.0
0.536137580871582,0.5321720242500305,6.429729461669922,-6.886266231536865,-5.049679756164551,5.658598899841309,1.0439985990524292,15.0
-0.33460554480552673,0.02085905894637108,4.680593490600586,-5.401740074157715,-4.1362786293029785,5.196985721588135,0.48557019233703613,15.0
-0.8846021294593811,0.4170449376106262,3.365860939025879,-2.7255969047546387,-3.1582741737365723,4.329854965209961,-0.2259843796491623,15.0
-0.8381543755531311,0.4376809000968933,6.66206169128418,-6.647495746612549,-4.562352180480957,6.970978260040283,0.9803436398506165,15.0
0.1794929951429367,0.6268326640129089,7.285583972930908,-6.60593843460083,-6.265017032623291,6.48703145980835,0.04853235185146332,15.0
-0.30406007170677185,-0.011952854692935944,5.78749418258667,-6.2490620613098145,-4.405839443206787,6.080054759979248,1.5556280612945557,15.0
-0.3998273015022278,1.1397202014923096,7.345122814178467,-7.139078617095947,-5.998318195343018,6.953668594360352,1.2638773918151855,15.0
-0.4762185513973236,0.534561812877655,6.1071553230285645,-6.134318828582764,-5.500107765197754,6.101491451263428,0.35610097646713257,15.0
-2.1335389614105225,0.49343496561050415,6.268893718719482,-6.63290548324585,-5.026883602142334,7.799362659454346,1.1275181770324707,15.0
-0.9385359883308411,-0.7051833271980286,4.100767135620117,-6.117185592651367,-5.073835372924805,6.006364822387695,0.7550862431526184,15.0
0.06646387279033661,0.40292227268218994,5.630260467529297,-4.567356586456299,-3.9411368370056152,4.967564105987549,0.5315179824829102,15.0
-0.3922070562839508,0.7787010073661804,7.738992691040039,-6.602981090545654,-6.0319108963012695,7.669864177703857,0.37364888191223145,15.0
-0.8519473671913147,0.28525856137275696,4.165293216705322,-3.6681594848632812,-3.41646409034729,5.036844253540039,0.07453952729701996,15.0
-0.5504886507987976,-0.17462296783924103,6.661170482635498,-6.046248912811279,-5.731752395629883,7.432807445526123,0.7724635601043701,15.0
-0.5347562432289124,0.7820447087287903,5.458578586578369,-4.135843753814697,-5.1676764488220215,5.863579750061035,-0.06084268540143967,15.0
-0.5605924129486084,1.5373469591140747,6.831757068634033,-7.74068021774292,-7.420370578765869,6.0036187171936035,0.282207190990448,15.0
-1.082865834236145,0.06915649026632309,2.856229305267334,-3.986659288406372,-3.514740228652954,3.8616349697113037,0.5257477760314941,15.0
-1.1127487421035767,0.5224263668060303,5.593425750732422,-5.031877517700195,-4.38785982131958,6.601704120635986,0.9497937560081482,15.0
-0.1567724496126175,0.8508763313293457,7.375086784362793,-6.729304790496826,-5.931828498840332,6.689483642578125,0.4061846137046814,15.0
-0.6111297607421875,0.11324723064899445,5.122457027435303,-5.682267189025879,-4.6688947677612305,5.660215377807617,0.6799963712692261,15.0
-0.1338571161031723,0.14288003742694855,3.6812686920166016,-3.4314470291137695,-2.0290074348449707,3.7043533325195312,0.5610648989677429,15.0
-1.012044906616211,0.3902738392353058,3.6364831924438477,-3.323247194290161,-3.334062099456787,4.263637542724609,0.4215911030769348,15.0
-1.04400634765625,0.5243299007415771,3.9532861709594727,-4.393588066101074,-3.217986583709717,4.784743309020996,0.42976248264312744,15.0
-1.2724075317382812,0.7787185311317444,3.230316638946533,-3.6775457859039307,-3.6425600051879883,3.700596809387207,0.2447495013475418,15.0
-0.6027936339378357,0.05210203304886818,5.0146965980529785,-5.0614118576049805,-3.779637098312378,5.903862953186035,0.5401538014411926,15.0
0.0028953999280929565,0.7457353472709656,5.525374889373779,-5.749151229858398,-4.590414524078369,4.627510070800781,0.7505549788475037,15.0
-1.7498282194137573,0.3890749514102936,4.402612686157227,-6.889797210693359,-5.613555908203125,5.80592679977417,0.856982409954071,15.0
-1.0173232555389404,1.027494192123413,6.609211444854736,-6.803149223327637,-5.81237268447876,6.7092437744140625,0.4444118142127991,15.0
-0.6062155961990356,1.2902108430862427,9.094464302062988,-8.72158432006836,-7.387438774108887,8.2456636428833,1.15382981300354,15.0
-0.9474771618843079,0.31345057487487793,5.440168380737305,-5.185006141662598,-4.828289985656738,6.0458197593688965,0.48988568782806396,15.0
-0.37828415632247925,-0.118858203291893,2.69020938873291,-2.8880834579467773,-2.3086135387420654,3.191535234451294,0.4031275510787964,15.0
-0.06613010168075562,1.0162973403930664,7.668010711669922,-5.419686794281006,-5.422566890716553,6.977536678314209,0.1538725346326828,15.0
